frame_number,filename,original_frame_index,file_path
1,frame_0000.png,0,frames_output\frame_0000.png
2,frame_0001.png,1,frames_output\frame_0001.png
3,frame_0002.png,2,frames_output\frame_0002.png
4,frame_0003.png,3,frames_output\frame_0003.png
5,frame_0004.png,4,frames_output\frame_0004.png
6,frame_0005.png,5,frames_output\frame_0005.png
7,frame_0006.png,6,frames_output\frame_0006.png
8,frame_0007.png,7,frames_output\frame_0007.png
9,frame_0008.png,8,frames_output\frame_0008.png
10,frame_0009.png,9,frames_output\frame_0009.png
11,frame_0010.png,10,frames_output\frame_0010.png
12,frame_0011.png,11,frames_output\frame_0011.png
13,frame_0012.png,12,frames_output\frame_0012.png
14,frame_0013.png,13,frames_output\frame_0013.png
15,frame_0014.png,14,frames_output\frame_0014.png
16,frame_0015.png,15,frames_output\frame_0015.png
17,frame_0016.png,16,frames_output\frame_0016.png
18,frame_0017.png,17,frames_output\frame_0017.png
19,frame_0018.png,18,frames_output\frame_0018.png
20,frame_0019.png,19,frames_output\frame_0019.png
21,frame_0020.png,20,frames_output\frame_0020.png
22,frame_0021.png,21,frames_output\frame_0021.png
23,frame_0022.png,22,frames_output\frame_0022.png
24,frame_0023.png,23,frames_output\frame_0023.png
25,frame_0024.png,24,frames_output\frame_0024.png
26,frame_0025.png,25,frames_output\frame_0025.png
27,frame_0026.png,26,frames_output\frame_0026.png
28,frame_0027.png,27,frames_output\frame_0027.png
29,frame_0028.png,28,frames_output\frame_0028.png
30,frame_0029.png,29,frames_output\frame_0029.png
31,frame_0030.png,30,frames_output\frame_0030.png
32,frame_0031.png,31,frames_output\frame_0031.png
33,frame_0032.png,32,frames_output\frame_0032.png
34,frame_0033.png,33,frames_output\frame_0033.png
35,frame_0034.png,34,frames_output\frame_0034.png
36,frame_0035.png,35,frames_output\frame_0035.png
37,frame_0036.png,36,frames_output\frame_0036.png
38,frame_0037.png,37,frames_output\frame_0037.png
39,frame_0038.png,38,frames_output\frame_0038.png
40,frame_0039.png,39,frames_output\frame_0039.png
41,frame_0040.png,40,frames_output\frame_0040.png
42,frame_0041.png,41,frames_output\frame_0041.png
43,frame_0042.png,42,frames_output\frame_0042.png
44,frame_0043.png,43,frames_output\frame_0043.png
45,frame_0044.png,44,frames_output\frame_0044.png
46,frame_0045.png,45,frames_output\frame_0045.png
47,frame_0046.png,46,frames_output\frame_0046.png
48,frame_0047.png,47,frames_output\frame_0047.png
49,frame_0048.png,48,frames_output\frame_0048.png
50,frame_0049.png,49,frames_output\frame_0049.png
51,frame_0050.png,50,frames_output\frame_0050.png
52,frame_0051.png,51,frames_output\frame_0051.png
53,frame_0052.png,52,frames_output\frame_0052.png
54,frame_0053.png,53,frames_output\frame_0053.png
55,frame_0054.png,54,frames_output\frame_0054.png
56,frame_0055.png,55,frames_output\frame_0055.png
57,frame_0056.png,56,frames_output\frame_0056.png
58,frame_0057.png,57,frames_output\frame_0057.png
59,frame_0058.png,58,frames_output\frame_0058.png
60,frame_0059.png,59,frames_output\frame_0059.png
61,frame_0060.png,60,frames_output\frame_0060.png
62,frame_0061.png,61,frames_output\frame_0061.png
63,frame_0062.png,62,frames_output\frame_0062.png
64,frame_0063.png,63,frames_output\frame_0063.png
65,frame_0064.png,64,frames_output\frame_0064.png
66,frame_0065.png,65,frames_output\frame_0065.png
67,frame_0066.png,66,frames_output\frame_0066.png
68,frame_0067.png,67,frames_output\frame_0067.png
69,frame_0068.png,68,frames_output\frame_0068.png
70,frame_0069.png,69,frames_output\frame_0069.png
71,frame_0070.png,70,frames_output\frame_0070.png
72,frame_0071.png,71,frames_output\frame_0071.png
73,frame_0072.png,72,frames_output\frame_0072.png
74,frame_0073.png,73,frames_output\frame_0073.png
75,frame_0074.png,74,frames_output\frame_0074.png
76,frame_0075.png,75,frames_output\frame_0075.png
77,frame_0076.png,76,frames_output\frame_0076.png
78,frame_0077.png,77,frames_output\frame_0077.png
79,frame_0078.png,78,frames_output\frame_0078.png
80,frame_0079.png,79,frames_output\frame_0079.png
81,frame_0080.png,80,frames_output\frame_0080.png
82,frame_0081.png,81,frames_output\frame_0081.png
83,frame_0082.png,82,frames_output\frame_0082.png
84,frame_0083.png,83,frames_output\frame_0083.png
85,frame_0084.png,84,frames_output\frame_0084.png
86,frame_0085.png,85,frames_output\frame_0085.png
87,frame_0086.png,86,frames_output\frame_0086.png
88,frame_0087.png,87,frames_output\frame_0087.png
89,frame_0088.png,88,frames_output\frame_0088.png
90,frame_0089.png,89,frames_output\frame_0089.png
91,frame_0090.png,90,frames_output\frame_0090.png
92,frame_0091.png,91,frames_output\frame_0091.png
93,frame_0092.png,92,frames_output\frame_0092.png
94,frame_0093.png,93,frames_output\frame_0093.png
95,frame_0094.png,94,frames_output\frame_0094.png
96,frame_0095.png,95,frames_output\frame_0095.png
97,frame_0096.png,96,frames_output\frame_0096.png
98,frame_0097.png,97,frames_output\frame_0097.png
99,frame_0098.png,98,frames_output\frame_0098.png
100,frame_0099.png,99,frames_output\frame_0099.png
101,frame_0100.png,100,frames_output\frame_0100.png
102,frame_0101.png,101,frames_output\frame_0101.png
103,frame_0102.png,102,frames_output\frame_0102.png
104,frame_0103.png,103,frames_output\frame_0103.png
105,frame_0104.png,104,frames_output\frame_0104.png
106,frame_0105.png,105,frames_output\frame_0105.png
107,frame_0106.png,106,frames_output\frame_0106.png
108,frame_0107.png,107,frames_output\frame_0107.png
109,frame_0108.png,108,frames_output\frame_0108.png
110,frame_0109.png,109,frames_output\frame_0109.png
111,frame_0110.png,110,frames_output\frame_0110.png
112,frame_0111.png,111,frames_output\frame_0111.png
113,frame_0112.png,112,frames_output\frame_0112.png
114,frame_0113.png,113,frames_output\frame_0113.png
115,frame_0114.png,114,frames_output\frame_0114.png
116,frame_0115.png,115,frames_output\frame_0115.png
117,frame_0116.png,116,frames_output\frame_0116.png
118,frame_0117.png,117,frames_output\frame_0117.png
119,frame_0118.png,118,frames_output\frame_0118.png
120,frame_0119.png,119,frames_output\frame_0119.png
121,frame_0120.png,120,frames_output\frame_0120.png
122,frame_0121.png,121,frames_output\frame_0121.png
123,frame_0122.png,122,frames_output\frame_0122.png
124,frame_0123.png,123,frames_output\frame_0123.png
125,frame_0124.png,124,frames_output\frame_0124.png
126,frame_0125.png,125,frames_output\frame_0125.png
127,frame_0126.png,126,frames_output\frame_0126.png
128,frame_0127.png,127,frames_output\frame_0127.png
129,frame_0128.png,128,frames_output\frame_0128.png
130,frame_0129.png,129,frames_output\frame_0129.png
131,frame_0130.png,130,frames_output\frame_0130.png
132,frame_0131.png,131,frames_output\frame_0131.png
133,frame_0132.png,132,frames_output\frame_0132.png
134,frame_0133.png,133,frames_output\frame_0133.png
135,frame_0134.png,134,frames_output\frame_0134.png
136,frame_0135.png,135,frames_output\frame_0135.png
137,frame_0136.png,136,frames_output\frame_0136.png
138,frame_0137.png,137,frames_output\frame_0137.png
139,frame_0138.png,138,frames_output\frame_0138.png
140,frame_0139.png,139,frames_output\frame_0139.png
141,frame_0140.png,140,frames_output\frame_0140.png
142,frame_0141.png,141,frames_output\frame_0141.png
143,frame_0142.png,142,frames_output\frame_0142.png
144,frame_0143.png,143,frames_output\frame_0143.png
145,frame_0144.png,144,frames_output\frame_0144.png
146,frame_0145.png,145,frames_output\frame_0145.png
147,frame_0146.png,146,frames_output\frame_0146.png
148,frame_0147.png,147,frames_output\frame_0147.png
149,frame_0148.png,148,frames_output\frame_0148.png
150,frame_0149.png,149,frames_output\frame_0149.png
151,frame_0150.png,150,frames_output\frame_0150.png
152,frame_0151.png,151,frames_output\frame_0151.png
153,frame_0152.png,152,frames_output\frame_0152.png
154,frame_0153.png,153,frames_output\frame_0153.png
155,frame_0154.png,154,frames_output\frame_0154.png
156,frame_0155.png,155,frames_output\frame_0155.png
157,frame_0156.png,156,frames_output\frame_0156.png
158,frame_0157.png,157,frames_output\frame_0157.png
159,frame_0158.png,158,frames_output\frame_0158.png
160,frame_0159.png,159,frames_output\frame_0159.png
161,frame_0160.png,160,frames_output\frame_0160.png
162,frame_0161.png,161,frames_output\frame_0161.png
163,frame_0162.png,162,frames_output\frame_0162.png
164,frame_0163.png,163,frames_output\frame_0163.png
165,frame_0164.png,164,frames_output\frame_0164.png
166,frame_0165.png,165,frames_output\frame_0165.png
167,frame_0166.png,166,frames_output\frame_0166.png
168,frame_0167.png,167,frames_output\frame_0167.png
169,frame_0168.png,168,frames_output\frame_0168.png
170,frame_0169.png,169,frames_output\frame_0169.png
171,frame_0170.png,170,frames_output\frame_0170.png
172,frame_0171.png,171,frames_output\frame_0171.png
173,frame_0172.png,172,frames_output\frame_0172.png
174,frame_0173.png,173,frames_output\frame_0173.png
175,frame_0174.png,174,frames_output\frame_0174.png
176,frame_0175.png,175,frames_output\frame_0175.png
177,frame_0176.png,176,frames_output\frame_0176.png
178,frame_0177.png,177,frames_output\frame_0177.png
179,frame_0178.png,178,frames_output\frame_0178.png
180,frame_0179.png,179,frames_output\frame_0179.png
181,frame_0180.png,180,frames_output\frame_0180.png
182,frame_0181.png,181,frames_output\frame_0181.png
183,frame_0182.png,182,frames_output\frame_0182.png
184,frame_0183.png,183,frames_output\frame_0183.png
185,frame_0184.png,184,frames_output\frame_0184.png
186,frame_0185.png,185,frames_output\frame_0185.png
187,frame_0186.png,186,frames_output\frame_0186.png
188,frame_0187.png,187,frames_output\frame_0187.png
189,frame_0188.png,188,frames_output\frame_0188.png
190,frame_0189.png,189,frames_output\frame_0189.png
191,frame_0190.png,190,frames_output\frame_0190.png
192,frame_0191.png,191,frames_output\frame_0191.png
193,frame_0192.png,192,frames_output\frame_0192.png
194,frame_0193.png,193,frames_output\frame_0193.png
195,frame_0194.png,194,frames_output\frame_0194.png
196,frame_0195.png,195,frames_output\frame_0195.png
197,frame_0196.png,196,frames_output\frame_0196.png
198,frame_0197.png,197,frames_output\frame_0197.png
199,frame_0198.png,198,frames_output\frame_0198.png
200,frame_0199.png,199,frames_output\frame_0199.png
201,frame_0200.png,200,frames_output\frame_0200.png
202,frame_0201.png,201,frames_output\frame_0201.png
203,frame_0202.png,202,frames_output\frame_0202.png
204,frame_0203.png,203,frames_output\frame_0203.png
205,frame_0204.png,204,frames_output\frame_0204.png
206,frame_0205.png,205,frames_output\frame_0205.png
207,frame_0206.png,206,frames_output\frame_0206.png
208,frame_0207.png,207,frames_output\frame_0207.png
209,frame_0208.png,208,frames_output\frame_0208.png
210,frame_0209.png,209,frames_output\frame_0209.png
211,frame_0210.png,210,frames_output\frame_0210.png
212,frame_0211.png,211,frames_output\frame_0211.png
213,frame_0212.png,212,frames_output\frame_0212.png
214,frame_0213.png,213,frames_output\frame_0213.png
215,frame_0214.png,214,frames_output\frame_0214.png
216,frame_0215.png,215,frames_output\frame_0215.png
217,frame_0216.png,216,frames_output\frame_0216.png
218,frame_0217.png,217,frames_output\frame_0217.png
219,frame_0218.png,218,frames_output\frame_0218.png
220,frame_0219.png,219,frames_output\frame_0219.png
221,frame_0220.png,220,frames_output\frame_0220.png
222,frame_0221.png,221,frames_output\frame_0221.png
223,frame_0222.png,222,frames_output\frame_0222.png
224,frame_0223.png,223,frames_output\frame_0223.png
225,frame_0224.png,224,frames_output\frame_0224.png
226,frame_0225.png,225,frames_output\frame_0225.png
227,frame_0226.png,226,frames_output\frame_0226.png
228,frame_0227.png,227,frames_output\frame_0227.png
229,frame_0228.png,228,frames_output\frame_0228.png
230,frame_0229.png,229,frames_output\frame_0229.png
231,frame_0230.png,230,frames_output\frame_0230.png
232,frame_0231.png,231,frames_output\frame_0231.png
233,frame_0232.png,232,frames_output\frame_0232.png
234,frame_0233.png,233,frames_output\frame_0233.png
235,frame_0234.png,234,frames_output\frame_0234.png
236,frame_0235.png,235,frames_output\frame_0235.png
237,frame_0236.png,236,frames_output\frame_0236.png
238,frame_0237.png,237,frames_output\frame_0237.png
239,frame_0238.png,238,frames_output\frame_0238.png
240,frame_0239.png,239,frames_output\frame_0239.png
241,frame_0240.png,240,frames_output\frame_0240.png
242,frame_0241.png,241,frames_output\frame_0241.png
243,frame_0242.png,242,frames_output\frame_0242.png
244,frame_0243.png,243,frames_output\frame_0243.png
245,frame_0244.png,244,frames_output\frame_0244.png
246,frame_0245.png,245,frames_output\frame_0245.png
247,frame_0246.png,246,frames_output\frame_0246.png
248,frame_0247.png,247,frames_output\frame_0247.png
249,frame_0248.png,248,frames_output\frame_0248.png
250,frame_0249.png,249,frames_output\frame_0249.png
251,frame_0250.png,250,frames_output\frame_0250.png
252,frame_0251.png,251,frames_output\frame_0251.png
253,frame_0252.png,252,frames_output\frame_0252.png
254,frame_0253.png,253,frames_output\frame_0253.png
255,frame_0254.png,254,frames_output\frame_0254.png
256,frame_0255.png,255,frames_output\frame_0255.png
257,frame_0256.png,256,frames_output\frame_0256.png
258,frame_0257.png,257,frames_output\frame_0257.png
259,frame_0258.png,258,frames_output\frame_0258.png
260,frame_0259.png,259,frames_output\frame_0259.png
261,frame_0260.png,260,frames_output\frame_0260.png
262,frame_0261.png,261,frames_output\frame_0261.png
263,frame_0262.png,262,frames_output\frame_0262.png
264,frame_0263.png,263,frames_output\frame_0263.png
265,frame_0264.png,264,frames_output\frame_0264.png
266,frame_0265.png,265,frames_output\frame_0265.png
267,frame_0266.png,266,frames_output\frame_0266.png
268,frame_0267.png,267,frames_output\frame_0267.png
269,frame_0268.png,268,frames_output\frame_0268.png
270,frame_0269.png,269,frames_output\frame_0269.png
271,frame_0270.png,270,frames_output\frame_0270.png
272,frame_0271.png,271,frames_output\frame_0271.png
273,frame_0272.png,272,frames_output\frame_0272.png
274,frame_0273.png,273,frames_output\frame_0273.png
275,frame_0274.png,274,frames_output\frame_0274.png
276,frame_0275.png,275,frames_output\frame_0275.png
277,frame_0276.png,276,frames_output\frame_0276.png
278,frame_0277.png,277,frames_output\frame_0277.png
279,frame_0278.png,278,frames_output\frame_0278.png
280,frame_0279.png,279,frames_output\frame_0279.png
281,frame_0280.png,280,frames_output\frame_0280.png
282,frame_0281.png,281,frames_output\frame_0281.png
283,frame_0282.png,282,frames_output\frame_0282.png
284,frame_0283.png,283,frames_output\frame_0283.png
285,frame_0284.png,284,frames_output\frame_0284.png
286,frame_0285.png,285,frames_output\frame_0285.png
287,frame_0286.png,286,frames_output\frame_0286.png
288,frame_0287.png,287,frames_output\frame_0287.png
289,frame_0288.png,288,frames_output\frame_0288.png
290,frame_0289.png,289,frames_output\frame_0289.png
291,frame_0290.png,290,frames_output\frame_0290.png
292,frame_0291.png,291,frames_output\frame_0291.png
293,frame_0292.png,292,frames_output\frame_0292.png
294,frame_0293.png,293,frames_output\frame_0293.png
295,frame_0294.png,294,frames_output\frame_0294.png
296,frame_0295.png,295,frames_output\frame_0295.png
297,frame_0296.png,296,frames_output\frame_0296.png
298,frame_0297.png,297,frames_output\frame_0297.png
299,frame_0298.png,298,frames_output\frame_0298.png
300,frame_0299.png,299,frames_output\frame_0299.png
301,frame_0300.png,300,frames_output\frame_0300.png
302,frame_0301.png,301,frames_output\frame_0301.png
303,frame_0302.png,302,frames_output\frame_0302.png
304,frame_0303.png,303,frames_output\frame_0303.png
305,frame_0304.png,304,frames_output\frame_0304.png
306,frame_0305.png,305,frames_output\frame_0305.png
307,frame_0306.png,306,frames_output\frame_0306.png
308,frame_0307.png,307,frames_output\frame_0307.png
309,frame_0308.png,308,frames_output\frame_0308.png
310,frame_0309.png,309,frames_output\frame_0309.png
311,frame_0310.png,310,frames_output\frame_0310.png
312,frame_0311.png,311,frames_output\frame_0311.png
313,frame_0312.png,312,frames_output\frame_0312.png
314,frame_0313.png,313,frames_output\frame_0313.png
315,frame_0314.png,314,frames_output\frame_0314.png
316,frame_0315.png,315,frames_output\frame_0315.png
317,frame_0316.png,316,frames_output\frame_0316.png
318,frame_0317.png,317,frames_output\frame_0317.png
319,frame_0318.png,318,frames_output\frame_0318.png
320,frame_0319.png,319,frames_output\frame_0319.png
321,frame_0320.png,320,frames_output\frame_0320.png
322,frame_0321.png,321,frames_output\frame_0321.png
323,frame_0322.png,322,frames_output\frame_0322.png
324,frame_0323.png,323,frames_output\frame_0323.png
325,frame_0324.png,324,frames_output\frame_0324.png
326,frame_0325.png,325,frames_output\frame_0325.png
327,frame_0326.png,326,frames_output\frame_0326.png
328,frame_0327.png,327,frames_output\frame_0327.png
329,frame_0328.png,328,frames_output\frame_0328.png
330,frame_0329.png,329,frames_output\frame_0329.png
331,frame_0330.png,330,frames_output\frame_0330.png
332,frame_0331.png,331,frames_output\frame_0331.png
333,frame_0332.png,332,frames_output\frame_0332.png
334,frame_0333.png,333,frames_output\frame_0333.png
335,frame_0334.png,334,frames_output\frame_0334.png
336,frame_0335.png,335,frames_output\frame_0335.png
337,frame_0336.png,336,frames_output\frame_0336.png
338,frame_0337.png,337,frames_output\frame_0337.png
339,frame_0338.png,338,frames_output\frame_0338.png
340,frame_0339.png,339,frames_output\frame_0339.png
341,frame_0340.png,340,frames_output\frame_0340.png
342,frame_0341.png,341,frames_output\frame_0341.png
343,frame_0342.png,342,frames_output\frame_0342.png
344,frame_0343.png,343,frames_output\frame_0343.png
345,frame_0344.png,344,frames_output\frame_0344.png
346,frame_0345.png,345,frames_output\frame_0345.png
347,frame_0346.png,346,frames_output\frame_0346.png
348,frame_0347.png,347,frames_output\frame_0347.png
349,frame_0348.png,348,frames_output\frame_0348.png
350,frame_0349.png,349,frames_output\frame_0349.png
351,frame_0350.png,350,frames_output\frame_0350.png
352,frame_0351.png,351,frames_output\frame_0351.png
353,frame_0352.png,352,frames_output\frame_0352.png
354,frame_0353.png,353,frames_output\frame_0353.png
355,frame_0354.png,354,frames_output\frame_0354.png
356,frame_0355.png,355,frames_output\frame_0355.png
357,frame_0356.png,356,frames_output\frame_0356.png
358,frame_0357.png,357,frames_output\frame_0357.png
359,frame_0358.png,358,frames_output\frame_0358.png
360,frame_0359.png,359,frames_output\frame_0359.png
361,frame_0360.png,360,frames_output\frame_0360.png
362,frame_0361.png,361,frames_output\frame_0361.png
363,frame_0362.png,362,frames_output\frame_0362.png
364,frame_0363.png,363,frames_output\frame_0363.png
365,frame_0364.png,364,frames_output\frame_0364.png
366,frame_0365.png,365,frames_output\frame_0365.png
367,frame_0366.png,366,frames_output\frame_0366.png
368,frame_0367.png,367,frames_output\frame_0367.png
369,frame_0368.png,368,frames_output\frame_0368.png
370,frame_0369.png,369,frames_output\frame_0369.png
371,frame_0370.png,370,frames_output\frame_0370.png
372,frame_0371.png,371,frames_output\frame_0371.png
373,frame_0372.png,372,frames_output\frame_0372.png
374,frame_0373.png,373,frames_output\frame_0373.png
375,frame_0374.png,374,frames_output\frame_0374.png
376,frame_0375.png,375,frames_output\frame_0375.png
377,frame_0376.png,376,frames_output\frame_0376.png
378,frame_0377.png,377,frames_output\frame_0377.png
379,frame_0378.png,378,frames_output\frame_0378.png
380,frame_0379.png,379,frames_output\frame_0379.png
381,frame_0380.png,380,frames_output\frame_0380.png
382,frame_0381.png,381,frames_output\frame_0381.png
383,frame_0382.png,382,frames_output\frame_0382.png
384,frame_0383.png,383,frames_output\frame_0383.png
385,frame_0384.png,384,frames_output\frame_0384.png
386,frame_0385.png,385,frames_output\frame_0385.png
387,frame_0386.png,386,frames_output\frame_0386.png
388,frame_0387.png,387,frames_output\frame_0387.png
389,frame_0388.png,388,frames_output\frame_0388.png
390,frame_0389.png,389,frames_output\frame_0389.png
391,frame_0390.png,390,frames_output\frame_0390.png
392,frame_0391.png,391,frames_output\frame_0391.png
393,frame_0392.png,392,frames_output\frame_0392.png
394,frame_0393.png,393,frames_output\frame_0393.png
395,frame_0394.png,394,frames_output\frame_0394.png
396,frame_0395.png,395,frames_output\frame_0395.png
397,frame_0396.png,396,frames_output\frame_0396.png
398,frame_0397.png,397,frames_output\frame_0397.png
399,frame_0398.png,398,frames_output\frame_0398.png
400,frame_0399.png,399,frames_output\frame_0399.png
401,frame_0400.png,400,frames_output\frame_0400.png
402,frame_0401.png,401,frames_output\frame_0401.png
403,frame_0402.png,402,frames_output\frame_0402.png
404,frame_0403.png,403,frames_output\frame_0403.png
405,frame_0404.png,404,frames_output\frame_0404.png
406,frame_0405.png,405,frames_output\frame_0405.png
407,frame_0406.png,406,frames_output\frame_0406.png
408,frame_0407.png,407,frames_output\frame_0407.png
409,frame_0408.png,408,frames_output\frame_0408.png
410,frame_0409.png,409,frames_output\frame_0409.png
411,frame_0410.png,410,frames_output\frame_0410.png
412,frame_0411.png,411,frames_output\frame_0411.png
413,frame_0412.png,412,frames_output\frame_0412.png
414,frame_0413.png,413,frames_output\frame_0413.png
415,frame_0414.png,414,frames_output\frame_0414.png
416,frame_0415.png,415,frames_output\frame_0415.png
417,frame_0416.png,416,frames_output\frame_0416.png
418,frame_0417.png,417,frames_output\frame_0417.png
419,frame_0418.png,418,frames_output\frame_0418.png
420,frame_0419.png,419,frames_output\frame_0419.png
421,frame_0420.png,420,frames_output\frame_0420.png
422,frame_0421.png,421,frames_output\frame_0421.png
423,frame_0422.png,422,frames_output\frame_0422.png
424,frame_0423.png,423,frames_output\frame_0423.png
425,frame_0424.png,424,frames_output\frame_0424.png
426,frame_0425.png,425,frames_output\frame_0425.png
427,frame_0426.png,426,frames_output\frame_0426.png
428,frame_0427.png,427,frames_output\frame_0427.png
429,frame_0428.png,428,frames_output\frame_0428.png
